21£Berkeley_...£Berkeley_Social_Interaction_Laboratory
37£MIND_lab...£MIND_lab
20£Center_fo...£Center_for_Integrative_&_Cognitive_Neuroscience_
31£Baycrest_...£Baycrest_Hospital
36£Centre_fo...£Centre_for_Research_and_Interdisciplinarity
27£Centre_fo...£Centre_for_Research_and_Interdisciplinarity
26£Centre_fo...£Centre_for_Research_and_Interdisciplinarity
25£Centre_fo...£Centre_for_Research_and_Interdisciplinarity
2£Centre_fo...£Centre_for_Research_and_Interdisciplinarity
38£Leder_Lab...£Leder_Lab
39£Leder_Lab...£Leder_Lab
3£Center_fo...£Center_for_Information_and_Neural_Networks_(CiNet) _
23£Center_fo...£Center_for_Information_and_Neural_Networks_(CiNet) _
7£Brain_and...£Brain_and_Creativity_Institute _Dornsife_College_of_Letters_Arts_and_Sciences
18£IMMM...£IMMM
19£Zentner_L...£Zentner_Lab
22£Institute...£Institute_of_Psychiatry
35£Graduate_...£Graduate_School_of_Science_and_Engineering
34£Faculty_o...£Faculty_of_Health_Sciences _
1£iSpace_Re...£iSpace_Research_Lab
13£Emotion_a...£Emotion_and_Cognition_Neuroscience_Laboratory
42£Departmen...£Department_of_Psychosomatic_Medicine;_Graduate_School_of_Medical_Sciences
32£Departmen...£Department_of_Psychology_and_Psychiatry
